"Longitude (x)","Latitude (y)","Station Name","Climate ID","Date/Time","Year","Month","Day","Data Quality","Max Temp (°C)","Max Temp Flag","Min Temp (°C)","Min Temp Flag","Mean Temp (°C)","Mean Temp Flag","Heat Deg Days (°C)","Heat Deg Days Flag","Cool Deg Days (°C)","Cool Deg Days Flag","Total Rain (mm)","Total Rain Flag","Total Snow (cm)","Total Snow Flag","Total Precip (mm)","Total Precip Flag","Snow on Grnd (cm)","Snow on Grnd Flag","Dir of Max Gust (10s deg)","Dir of Max Gust Flag","Spd of Max Gust (km/h)","Spd of Max Gust Flag"
"-122.60","58.84","FORT NELSON A","1192940","2005-01-01","2005","01","01","","-27.0","","-32.7","","-29.9","","47.9","","0.0","","0.0","","0.0","","0.0","","29","","","","<31",""
"-122.60","58.84","FORT NELSON A","1192940","2005-01-02","2005","01","02","","-19.4","","-30.7","","-25.1","","43.1","","0.0","","0.0","","0.0","","0.0","","29","","","","<31",""
"-122.60","58.84","FORT NELSON A","1192940","2005-01-03","2005","01","03","","-18.0","","-26.6","","-22.3","","40.3","","0.0","","0.0","","0.0","","0.0","","29","","","","<31",""
"-122.60","58.84","FORT NELSON A","1192940","2005-01-04","2005","01","04","","-14.9","","-22.5","","-18.7","","36.7","","0.0","","0.0","","0.0","","0.0","","29","","","","<31",""
"-122.60","58.84","FORT NELSON A","1192940","2005-01-05","2005","01","05","","-1.2","","-15.7","","-8.5","","26.5","","0.0","","0.0","","2.0","","2.0","","29","","33","E","56","E"
"-122.60","58.84","FORT NELSON A","1192940","2005-01-06","2005","01","06","","-4.9","","-17.7","","-11.3","","29.3","","0.0","","0.0","","1.8","","1.8","","35","","33","E","37","E"
"-122.60","58.84","FORT NELSON A","1192940","2005-01-07","2005","01","07","","-14.1","","-22.9","","-18.5","","36.5","","0.0","","0.0","","0.2","","0.2","","34","","","","<31",""
"-122.60","58.84","FORT NELSON A","1192940","2005-01-08","2005","01","08","","-17.8","","-29.8","","-23.8","","41.8","","0.0","","0.0","","0.8","","0.2","","34","","","","<31",""
"-122.60","58.84","FORT NELSON A","1192940","2005-01-09","2005","01","09","","-11.6","","-29.4","","-20.5","","38.5","","0.0","","0.0","","0.4","","0.0","T","30","","","","<31",""
"-122.60","58.84","FORT NELSON A","1192940","2005-01-10","2005","01","10","","-12.2","","-21.2","","-16.7","","34.7","","0.0","","0.0","","1.4","","0.4","","30","","","","<31",""
"-122.60","58.84","FORT NELSON A","1192940","2005-01-11","2005","01","11","","-21.2","","-34.9","","-28.1","","46.1","","0.0","","0.0","","0.8","","0.6","","31","","","","<31",""
"-122.60","58.84","FORT NELSON A","1192940","2005-01-12","2005","01","12","","-29.8","","-38.5","","-34.2","","52.2","","0.0","","0.0","","0.0","","0.0","","30","","","","<31",""
"-122.60","58.84","FORT NELSON A","1192940","2005-01-13","2005","01","13","","-31.9","","-42.3","","-37.1","","55.1","","0.0","","0.0","","0.0","","0.0","","30","","","","<31",""
"-122.60","58.84","FORT NELSON A","1192940","2005-01-14","2005","01","14","","-31.7","","-42.2","","-37.0","","55.0","","0.0","","0.0","","0.0","","0.0","","30","","","","<31",""
"-122.60","58.84","FORT NELSON A","1192940","2005-01-15","2005","01","15","","-30.9","","-42.6","","-36.8","","54.8","","0.0","","0.0","","0.0","","0.0","","30","","","","<31",""
"-122.60","58.84","FORT NELSON A","1192940","2005-01-16","2005","01","16","","-24.4","","-35.1","","-29.8","","47.8","","0.0","","0.0","","0.0","T","0.0","T","30","","","","<31",""
"-122.60","58.84","FORT NELSON A","1192940","2005-01-17","2005","01","17","","-23.2","","-26.9","","-25.1","","43.1","","0.0","","0.0","","10.6","","9.4","","31","","","","<31",""
"-122.60","58.84","FORT NELSON A","1192940","2005-01-18","2005","01","18","","-24.1","","-26.8","","-25.5","","43.5","","0.0","","0.0","","4.0","","2.2","","39","","","","<31",""
"-122.60","58.84","FORT NELSON A","1192940","2005-01-19","2005","01","19","","-22.3","","-24.9","","-23.6","","41.6","","0.0","","0.0","","0.8","","0.8","","41","","","","<31",""
"-122.60","58.84","FORT NELSON A","1192940","2005-01-20","2005","01","20","","-20.0","","-23.6","","-21.8","","39.8","","0.0","","0.0","T","0.2","","0.2","","41","","","","<31",""
"-122.60","58.84","FORT NELSON A","1192940","2005-01-21","2005","01","21","","-19.5","","-25.3","","-22.4","","40.4","","0.0","","0.0","T","0.0","T","0.0","T","41","","","","<31",""
"-122.60","58.84","FORT NELSON A","1192940","2005-01-22","2005","01","22","","-13.4","","-24.5","","-19.0","","37.0","","0.0","","0.4","","0.0","","0.4","","41","","","","<31",""
"-122.60","58.84","FORT NELSON A","1192940","2005-01-23","2005","01","23","","-9.6","","-17.4","","-13.5","","31.5","","0.0","","0.0","T","0.0","","0.0","T","41","","","","<31",""
"-122.60","58.84","FORT NELSON A","1192940","2005-01-24","2005","01","24","","-9.2","","-18.9","","-14.1","","32.1","","0.0","","0.0","T","0.0","T","0.0","T","41","","","","<31",""
"-122.60","58.84","FORT NELSON A","1192940","2005-01-25","2005","01","25","","-13.7","","-23.7","","-18.7","","36.7","","0.0","","0.0","","0.0","","0.0","","41","","","","<31",""
"-122.60","58.84","FORT NELSON A","1192940","2005-01-26","2005","01","26","","-11.8","","-17.6","","-14.7","","32.7","","0.0","","0.0","","2.0","","1.6","","41","","","","<31",""
"-122.60","58.84","FORT NELSON A","1192940","2005-01-27","2005","01","27","","-15.3","","-20.3","","-17.8","","35.8","","0.0","","0.0","","6.8","","3.8","","44","","","","<31",""
"-122.60","58.84","FORT NELSON A","1192940","2005-01-28","2005","01","28","","-19.3","","-20.5","","-19.9","","37.9","","0.0","","0.0","","2.0","","1.0","","44","","","","<31",""
"-122.60","58.84","FORT NELSON A","1192940","2005-01-29","2005","01","29","","-15.3","","-19.5","","-17.4","","35.4","","0.0","","0.0","","0.0","T","0.0","T","44","","","","<31",""
"-122.60","58.84","FORT NELSON A","1192940","2005-01-30","2005","01","30","","-14.0","","-20.3","","-17.2","","35.2","","0.0","","0.0","","0.0","T","0.0","T","44","","","","<31",""
"-122.60","58.84","FORT NELSON A","1192940","2005-01-31","2005","01","31","","-9.6","","-16.8","","-13.2","","31.2","","0.0","","0.0","","3.0","","1.4","","44","","","","<31",""
"-122.60","58.84","FORT NELSON A","1192940","2005-02-01","2005","02","01","","-14.5","","-20.9","","-17.7","","35.7","","0.0","","0.0","","0.0","T","0.0","T","45","","","","<31",""
"-122.60","58.84","FORT NELSON A","1192940","2005-02-02","2005","02","02","","-21.3","","-26.0","","-23.7","","41.7","","0.0","","0.0","","1.8","","0.6","","45","","","","<31",""
"-122.60","58.84","FORT NELSON A","1192940","2005-02-03","2005","02","03","","-21.1","","-23.3","","-22.2","","40.2","","0.0","","0.0","","3.2","","1.4","","42","","","","<31",""
"-122.60","58.84","FORT NELSON A","1192940","2005-02-04","2005","02","04","","-21.5","","-27.1","","-24.3","","42.3","","0.0","","0.0","","0.4","","0.2","","43","","","","<31",""
"-122.60","58.84","FORT NELSON A","1192940","2005-02-05","2005","02","05","","-20.3","","-24.2","","-22.3","","40.3","","0.0","","0.0","","1.6","","0.8","","46","","","","<31",""
"-122.60","58.84","FORT NELSON A","1192940","2005-02-06","2005","02","06","","-17.5","","-32.0","","-24.8","","42.8","","0.0","","0.0","","0.0","","0.0","","46","","","","<31",""
"-122.60","58.84","FORT NELSON A","1192940","2005-02-07","2005","02","07","","-16.2","","-31.1","","-23.7","","41.7","","0.0","","0.0","","0.0","","0.0","","46","","","","<31",""
"-122.60","58.84","FORT NELSON A","1192940","2005-02-08","2005","02","08","","-6.5","","-20.5","","-13.5","","31.5","","0.0","","0.0","","0.0","","0.0","","46","","","","<31",""
"-122.60","58.84","FORT NELSON A","1192940","2005-02-09","2005","02","09","","5.2","","-12.0","","-3.4","","21.4","","0.0","","0.0","","0.0","","0.0","","46","","","","<31",""
"-122.60","58.84","FORT NELSON A","1192940","2005-02-10","2005","02","10","","-2.2","","-8.8","","-5.5","","23.5","","0.0","","0.0","","0.0","","0.0","","45","","","","<31",""
"-122.60","58.84","FORT NELSON A","1192940","2005-02-11","2005","02","11","","-0.6","","-10.3","","-5.5","","23.5","","0.0","","0.0","","0.0","","0.0","","45","","","","<31",""
"-122.60","58.84","FORT NELSON A","1192940","2005-02-12","2005","02","12","","-2.8","","-15.5","","-9.2","","27.2","","0.0","","0.0","","0.8","","0.4","","45","","","","<31",""
"-122.60","58.84","FORT NELSON A","1192940","2005-02-13","2005","02","13","","-14.7","","-25.6","","-20.2","","38.2","","0.0","","0.0","","0.2","","0.2","","45","","","","<31",""
"-122.60","58.84","FORT NELSON A","1192940","2005-02-14","2005","02","14","","-7.1","","-23.2","","-15.2","","33.2","","0.0","","0.0","","0.0","T","0.0","T","45","","","","<31",""
"-122.60","58.84","FORT NELSON A","1192940","2005-02-15","2005","02","15","","-4.5","","-21.4","","-13.0","","31.0","","0.0","","0.0","","0.0","","0.0","","45","","","","<31",""
"-122.60","58.84","FORT NELSON A","1192940","2005-02-16","2005","02","16","","5.3","","-11.8","","-3.3","","21.3","","0.0","","0.0","","0.2","","0.0","T","43","","30","","46",""
"-122.60","58.84","FORT NELSON A","1192940","2005-02-17","2005","02","17","","1.4","","-10.9","","-4.8","","22.8","","0.0","","0.0","","0.0","","0.0","","43","","","","<31",""
"-122.60","58.84","FORT NELSON A","1192940","2005-02-18","2005","02","18","","-2.8","","-11.5","","-7.2","","25.2","","0.0","","0.0","","0.0","T","0.0","T","43","","","","<31",""
"-122.60","58.84","FORT NELSON A","1192940","2005-02-19","2005","02","19","","-0.7","","-19.7","","-10.2","","28.2","","0.0","","0.0","","0.0","","0.0","","43","","","","<31",""
"-122.60","58.84","FORT NELSON A","1192940","2005-02-20","2005","02","20","","-8.1","","-12.1","","-10.1","","28.1","","0.0","","0.0","","3.1","","1.0","","42","","","","<31",""
"-122.60","58.84","FORT NELSON A","1192940","2005-02-21","2005","02","21","","-4.7","","-19.9","","-12.3","","30.3","","0.0","","0.0","","0.0","T","0.0","T","44","","","","<31",""
"-122.60","58.84","FORT NELSON A","1192940","2005-02-22","2005","02","22","","1.6","","-13.0","","-5.7","","23.7","","0.0","","0.0","","0.0","","0.0","","44","","","","<31",""
"-122.60","58.84","FORT NELSON A","1192940","2005-02-23","2005","02","23","","2.5","","-12.8","","-5.2","","23.2","","0.0","","0.0","","0.0","","0.0","","44","","","","<31",""
"-122.60","58.84","FORT NELSON A","1192940","2005-02-24","2005","02","24","","3.2","","-14.8","","-5.8","","23.8","","0.0","","0.0","","0.0","","0.0","","43","","","","<31",""
"-122.60","58.84","FORT NELSON A","1192940","2005-02-25","2005","02","25","","0.8","","-14.8","","-7.0","","25.0","","0.0","","0.0","","0.0","","0.0","","42","","","","<31",""
"-122.60","58.84","FORT NELSON A","1192940","2005-02-26","2005","02","26","","-0.8","","-16.7","","-8.8","","26.8","","0.0","","0.0","","0.0","","0.0","","42","","","","<31",""
"-122.60","58.84","FORT NELSON A","1192940","2005-02-27","2005","02","27","","4.1","","-12.4","","-4.2","","22.2","","0.0","","0.0","","0.0","","0.0","","42","","","","<31",""
"-122.60","58.84","FORT NELSON A","1192940","2005-02-28","2005","02","28","","8.4","","-14.1","","-2.9","","20.9","","0.0","","0.0","","0.0","","0.0","","41","","","","<31",""
"-122.60","58.84","FORT NELSON A","1192940","2005-03-01","2005","03","01","","6.8","","-13.0","","-3.1","","21.1","","0.0","","0.0","","0.0","","0.0","","40","","","","<31",""
"-122.60","58.84","FORT NELSON A","1192940","2005-03-02","2005","03","02","","0.9","","-8.7","","-3.9","","21.9","","0.0","","0.0","","0.0","","0.0","","40","","","","<31",""
"-122.60","58.84","FORT NELSON A","1192940","2005-03-03","2005","03","03","","-0.7","","-12.5","","-6.6","","24.6","","0.0","","0.0","","0.0","","0.0","","38","","","","<31",""
"-122.60","58.84","FORT NELSON A","1192940","2005-03-04","2005","03","04","","-4.0","","-12.3","","-8.2","","26.2","","0.0","","0.0","","0.0","","0.0","","38","","","","<31",""
"-122.60","58.84","FORT NELSON A","1192940","2005-03-05","2005","03","05","","6.6","","-10.8","","-2.1","","20.1","","0.0","","0.0","","0.0","","0.0","","38","","","","<31",""
"-122.60","58.84","FORT NELSON A","1192940","2005-03-06","2005","03","06","","8.7","","-6.1","","1.3","","16.7","","0.0","","0.0","","0.0","","0.0","","37","","","","<31",""
"-122.60","58.84","FORT NELSON A","1192940","2005-03-07","2005","03","07","","6.6","","-4.7","","1.0","","17.0","","0.0","","0.0","","0.0","T","0.0","T","36","","","","<31",""
"-122.60","58.84","FORT NELSON A","1192940","2005-03-08","2005","03","08","","10.8","","-5.3","","2.8","","15.2","","0.0","","0.0","T","0.0","","0.0","T","36","","","","<31",""
"-122.60","58.84","FORT NELSON A","1192940","2005-03-09","2005","03","09","","11.4","","0.4","","5.9","","12.1","","0.0","","0.0","T","0.0","","0.0","T","36","","28","E","37","E"
"-122.60","58.84","FORT NELSON A","1192940","2005-03-10","2005","03","10","","1.1","","-4.3","","-1.6","","19.6","","0.0","","0.2","","0.0","","0.2","","32","","","","<31",""
"-122.60","58.84","FORT NELSON A","1192940","2005-03-11","2005","03","11","","9.5","","-4.2","","2.7","","15.3","","0.0","","0.0","T","0.0","T","0.0","T","32","","28","","54",""
"-122.60","58.84","FORT NELSON A","1192940","2005-03-12","2005","03","12","","11.9","","-3.2","","4.4","","13.6","","0.0","","0.0","","0.0","","0.0","","32","","31","","46",""
"-122.60","58.84","FORT NELSON A","1192940","2005-03-13","2005","03","13","","11.7","","-5.1","","3.3","","14.7","","0.0","","0.0","","0.0","","0.0","","25","","","","<31",""
"-122.60","58.84","FORT NELSON A","1192940","2005-03-14","2005","03","14","","5.5","","-1.1","","2.2","","15.8","","0.0","","0.0","","1.6","","0.6","","19","","","","<31",""
"-122.60","58.84","FORT NELSON A","1192940","2005-03-15","2005","03","15","","-1.1","","-10.8","","-6.0","","24.0","","0.0","","0.0","","8.4","","7.4","","24","","","","<31",""
"-122.60","58.84","FORT NELSON A","1192940","2005-03-16","2005","03","16","","-3.2","","-16.5","","-9.9","","27.9","","0.0","","0.0","","0.0","T","0.0","T","28","","","","<31",""
"-122.60","58.84","FORT NELSON A","1192940","2005-03-17","2005","03","17","","-3.6","","-15.2","","-9.4","","27.4","","0.0","","0.0","","0.0","T","0.0","T","28","","","","<31",""
"-122.60","58.84","FORT NELSON A","1192940","2005-03-18","2005","03","18","","-8.2","","-14.8","","-11.5","","29.5","","0.0","","0.0","","0.0","T","0.0","T","28","","","","<31",""
"-122.60","58.84","FORT NELSON A","1192940","2005-03-19","2005","03","19","","-7.6","","-20.5","","-14.1","","32.1","","0.0","","0.0","","0.0","T","0.0","T","27","","","","<31",""
"-122.60","58.84","FORT NELSON A","1192940","2005-03-20","2005","03","20","","-7.6","","-15.0","","-11.3","","29.3","","0.0","","0.0","","13.6","","9.8","","27","","","","<31",""
"-122.60","58.84","FORT NELSON A","1192940","2005-03-21","2005","03","21","","-8.5","","-12.7","","-10.6","","28.6","","0.0","","0.0","","16.2","","4.6","","42","","","","<31",""
"-122.60","58.84","FORT NELSON A","1192940","2005-03-22","2005","03","22","","-8.2","","-17.0","","-12.6","","30.6","","0.0","","0.0","","0.0","T","0.0","T","46","","","","<31",""
"-122.60","58.84","FORT NELSON A","1192940","2005-03-23","2005","03","23","","-3.4","","-23.8","","-13.6","","31.6","","0.0","","0.0","","0.0","T","0.0","T","46","","","","<31",""
"-122.60","58.84","FORT NELSON A","1192940","2005-03-24","2005","03","24","","4.4","","-20.5","","-8.1","","26.1","","0.0","","0.0","","0.0","T","0.0","T","46","","","","<31",""
"-122.60","58.84","FORT NELSON A","1192940","2005-03-25","2005","03","25","","4.1","","-15.8","","-5.9","","23.9","","0.0","","0.0","","0.0","","0.0","","45","","","","<31",""
"-122.60","58.84","FORT NELSON A","1192940","2005-03-26","2005","03","26","","-0.6","","-11.9","","-6.3","","24.3","","0.0","","0.0","","4.0","","4.0","","44","","","","<31",""
"-122.60","58.84","FORT NELSON A","1192940","2005-03-27","2005","03","27","","1.4","","-4.3","","-1.5","","19.5","","0.0","","0.0","","0.0","T","0.0","T","46","","","","<31",""
"-122.60","58.84","FORT NELSON A","1192940","2005-03-28","2005","03","28","","9.4","","-3.5","","3.0","","15.0","","0.0","","0.0","","0.0","T","0.0","T","43","","","","<31",""
"-122.60","58.84","FORT NELSON A","1192940","2005-03-29","2005","03","29","","10.1","","-7.5","","1.3","","16.7","","0.0","","0.0","","0.0","","0.0","","43","","","","<31",""
"-122.60","58.84","FORT NELSON A","1192940","2005-03-30","2005","03","30","","8.0","","-4.2","","1.9","","16.1","","0.0","","0.0","","0.0","T","0.0","T","30","","31","","46",""
"-122.60","58.84","FORT NELSON A","1192940","2005-03-31","2005","03","31","","10.8","","-8.6","","1.1","","16.9","","0.0","","0.0","","0.0","","0.0","","25","","15","","37",""
"-122.60","58.84","FORT NELSON A","1192940","2005-04-01","2005","04","01","","10.5","","-2.6","","4.0","","14.0","","0.0","","0.0","T","0.0","","0.0","T","18","","","","<31",""
"-122.60","58.84","FORT NELSON A","1192940","2005-04-02","2005","04","02","","10.2","","-5.5","","2.4","","15.6","","0.0","","0.0","","0.0","","0.0","","13","","","","<31",""
"-122.60","58.84","FORT NELSON A","1192940","2005-04-03","2005","04","03","","10.9","","-6.0","","2.5","","15.5","","0.0","","0.0","","0.0","","0.0","","12","","","","<31",""
"-122.60","58.84","FORT NELSON A","1192940","2005-04-04","2005","04","04","","7.8","","-4.7","","1.6","","16.4","","0.0","","0.0","","0.0","","0.0","","11","","","","<31",""
"-122.60","58.84","FORT NELSON A","1192940","2005-04-05","2005","04","05","","10.7","","-5.9","","2.4","","15.6","","0.0","","0.0","","0.0","","0.0","","7","","","","<31",""
"-122.60","58.84","FORT NELSON A","1192940","2005-04-06","2005","04","06","","12.4","","-3.9","","4.3","","13.7","","0.0","","0.0","","0.0","","0.0","","7","","","","<31",""
"-122.60","58.84","FORT NELSON A","1192940","2005-04-07","2005","04","07","","10.2","","1.3","","5.8","","12.2","","0.0","","2.4","","0.0","","2.4","","6","","","","<31",""
"-122.60","58.84","FORT NELSON A","1192940","2005-04-08","2005","04","08","","2.2","","0.5","","1.4","","16.6","","0.0","","2.2","","1.2","","3.4","","4","","","","<31",""
"-122.60","58.84","FORT NELSON A","1192940","2005-04-09","2005","04","09","","9.4","","0.2","","4.8","","13.2","","0.0","","0.8","","0.0","T","0.8","","5","","","","<31",""
"-122.60","58.84","FORT NELSON A","1192940","2005-04-10","2005","04","10","","14.0","","-3.4","","5.3","","12.7","","0.0","","0.0","","0.0","","0.0","","5","","","","<31",""
"-122.60","58.84","FORT NELSON A","1192940","2005-04-11","2005","04","11","","11.8","","3.8","","7.8","","10.2","","0.0","","0.6","","0.0","","0.6","","3","","","","<31",""
"-122.60","58.84","FORT NELSON A","1192940","2005-04-12","2005","04","12","","6.1","","-0.6","","2.8","","15.2","","0.0","","3.6","","3.0","","6.8","","1","","","","<31",""
"-122.60","58.84","FORT NELSON A","1192940","2005-04-13","2005","04","13","","4.9","","-1.5","","1.7","","16.3","","0.0","","0.0","","0.0","","0.0","","1","","","","<31",""
"-122.60","58.84","FORT NELSON A","1192940","2005-04-14","2005","04","14","","11.3","","-5.3","","3.0","","15.0","","0.0","","0.0","","0.0","","0.0","","0","T","","","<31",""
"-122.60","58.84","FORT NELSON A","1192940","2005-04-15","2005","04","15","","6.6","","-3.2","","1.7","","16.3","","0.0","","0.0","T","0.0","T","0.0","T","0","T","","","<31",""
"-122.60","58.84","FORT NELSON A","1192940","2005-04-16","2005","04","16","","2.4","","-4.2","","-0.9","","18.9","","0.0","","0.0","","4.0","","2.6","","0","T","","","<31",""
"-122.60","58.84","FORT NELSON A","1192940","2005-04-17","2005","04","17","","0.4","","-5.2","","-2.4","","20.4","","0.0","","0.0","","6.8","","4.4","","8","","","","<31",""
"-122.60","58.84","FORT NELSON A","1192940","2005-04-18","2005","04","18","","13.5","","-4.2","","4.7","","13.3","","0.0","","0.0","","0.0","","0.0","","9","","","","<31",""
"-122.60","58.84","FORT NELSON A","1192940","2005-04-19","2005","04","19","","20.2","","-1.0","","9.6","","8.4","","0.0","","0.0","","0.0","","0.0","","0","T","","","<31",""
"-122.60","58.84","FORT NELSON A","1192940","2005-04-20","2005","04","20","","19.6","","1.4","","10.5","","7.5","","0.0","","0.0","","0.0","","0.0","","0","T","","","<31",""
"-122.60","58.84","FORT NELSON A","1192940","2005-04-21","2005","04","21","","26.7","","-0.5","","13.1","","4.9","","0.0","","0.0","","0.0","","0.0","","0","T","30","","41",""
"-122.60","58.84","FORT NELSON A","1192940","2005-04-22","2005","04","22","","18.2","","5.6","","11.9","","6.1","","0.0","","0.0","T","0.0","","0.0","T","0","","31","","37",""
"-122.60","58.84","FORT NELSON A","1192940","2005-04-23","2005","04","23","","21.3","","1.9","","11.6","","6.4","","0.0","","0.0","","0.0","","0.0","","0","","","","<31",""
"-122.60","58.84","FORT NELSON A","1192940","2005-04-24","2005","04","24","","25.2","","0.6","","12.9","","5.1","","0.0","","0.0","","0.0","","0.0","","0","","","","<31",""
"-122.60","58.84","FORT NELSON A","1192940","2005-04-25","2005","04","25","","16.6","","6.9","","11.8","","6.2","","0.0","","0.0","","0.0","","0.0","","0","","","","<31",""
"-122.60","58.84","FORT NELSON A","1192940","2005-04-26","2005","04","26","","11.1","","3.1","","7.1","","10.9","","0.0","","0.0","","0.0","","0.0","","0","","","","<31",""
"-122.60","58.84","FORT NELSON A","1192940","2005-04-27","2005","04","27","","12.5","","-0.7","","5.9","","12.1","","0.0","","0.0","","0.0","","0.0","","0","","","","<31",""
"-122.60","58.84","FORT NELSON A","1192940","2005-04-28","2005","04","28","","9.4","","-3.2","","3.1","","14.9","","0.0","","0.0","","0.0","","0.0","","0","","","","<31",""
"-122.60","58.84","FORT NELSON A","1192940","2005-04-29","2005","04","29","","8.7","","-5.9","","1.4","","16.6","","0.0","","0.0","","0.0","","0.0","","0","","","","<31",""
"-122.60","58.84","FORT NELSON A","1192940","2005-04-30","2005","04","30","","8.5","","-5.1","","1.7","","16.3","","0.0","","0.0","","0.0","","0.0","","0","","","","<31",""
"-122.60","58.84","FORT NELSON A","1192940","2005-05-01","2005","05","01","","11.0","","-5.8","","2.6","","15.4","","0.0","","0.0","","0.0","","0.0","","0","","","","<31",""
"-122.60","58.84","FORT NELSON A","1192940","2005-05-02","2005","05","02","","16.0","","-3.0","","6.5","","11.5","","0.0","","0.0","","0.0","","0.0","","0","","","","<31",""
"-122.60","58.84","FORT NELSON A","1192940","2005-05-03","2005","05","03","","18.5","","-2.3","","8.1","","9.9","","0.0","","0.0","","0.0","","0.0","","0","","","","<31",""
"-122.60","58.84","FORT NELSON A","1192940","2005-05-04","2005","05","04","","18.5","","0.3","","9.4","","8.6","","0.0","","0.0","T","0.0","","0.0","T","0","","","","<31",""
"-122.60","58.84","FORT NELSON A","1192940","2005-05-05","2005","05","05","","15.3","","6.2","","10.8","","7.2","","0.0","","0.4","","0.0","","0.4","","0","","","","<31",""
"-122.60","58.84","FORT NELSON A","1192940","2005-05-06","2005","05","06","","17.2","","-0.9","","8.2","","9.8","","0.0","","0.0","","0.0","","0.0","","0","","","","<31",""
"-122.60","58.84","FORT NELSON A","1192940","2005-05-07","2005","05","07","","19.8","","1.4","","10.6","","7.4","","0.0","","0.0","","0.0","","0.0","","0","","","","<31",""
"-122.60","58.84","FORT NELSON A","1192940","2005-05-08","2005","05","08","","21.7","","0.1","","10.9","","7.1","","0.0","","0.0","","0.0","","0.0","","0","","","","<31",""
"-122.60","58.84","FORT NELSON A","1192940","2005-05-09","2005","05","09","","9.8","","5.4","","7.6","","10.4","","0.0","","0.0","","0.0","","0.0","","0","","4","","46",""
"-122.60","58.84","FORT NELSON A","1192940","2005-05-10","2005","05","10","","18.9","","0.2","","9.6","","8.4","","0.0","","0.0","","0.0","","0.0","","0","","","","<31",""
"-122.60","58.84","FORT NELSON A","1192940","2005-05-11","2005","05","11","","23.8","","0.5","","12.2","","5.8","","0.0","","0.0","","0.0","","0.0","","0","","1","E","37","E"
"-122.60","58.84","FORT NELSON A","1192940","2005-05-12","2005","05","12","","15.3","","3.0","","9.2","","8.8","","0.0","","0.0","","0.0","","0.0","","0","","","","<31",""
"-122.60","58.84","FORT NELSON A","1192940","2005-05-13","2005","05","13","","22.4","","1.2","","11.8","","6.2","","0.0","","0.0","","0.0","","0.0","","0","","","","<31",""
"-122.60","58.84","FORT NELSON A","1192940","2005-05-14","2005","05","14","","25.3","","5.2","","15.3","","2.7","","0.0","","0.0","","0.0","","0.0","","0","","","","<31",""
"-122.60","58.84","FORT NELSON A","1192940","2005-05-15","2005","05","15","","25.3","","6.7","","16.0","","2.0","","0.0","","0.0","T","0.0","","0.0","T","0","","","","<31",""
"-122.60","58.84","FORT NELSON A","1192940","2005-05-16","2005","05","16","","17.0","E","9.2","","13.1","E","4.9","E","0.0","E","13.8","","0.0","","13.8","","0","","","","<31",""
"-122.60","58.84","FORT NELSON A","1192940","2005-05-17","2005","05","17","","12.0","E","0.4","","6.2","E","11.8","E","0.0","E","12.8","","2.0","","14.8","","0","","","","<31",""
"-122.60","58.84","FORT NELSON A","1192940","2005-05-18","2005","05","18","","7.6","","0.5","","4.1","","13.9","","0.0","","0.0","","3.4","","3.4","","3","","","","<31",""
"-122.60","58.84","FORT NELSON A","1192940","2005-05-19","2005","05","19","","12.1","","2.1","","7.1","","10.9","","0.0","","0.0","","0.0","","0.0","","0","","","","<31",""
"-122.60","58.84","FORT NELSON A","1192940","2005-05-20","2005","05","20","","18.5","","4.8","","11.7","","6.3","","0.0","","0.4","","0.0","","0.4","","0","","","","<31",""
"-122.60","58.84","FORT NELSON A","1192940","2005-05-21","2005","05","21","","21.3","","8.4","","14.9","","3.1","","0.0","","0.0","T","0.0","","0.0","T","0","","22","","37",""
"-122.60","58.84","FORT NELSON A","1192940","2005-05-22","2005","05","22","","17.9","","4.5","","11.2","","6.8","","0.0","","13.4","","0.0","","13.4","","0","","3","E","32","E"
"-122.60","58.84","FORT NELSON A","1192940","2005-05-23","2005","05","23","","16.5","","3.7","","10.1","","7.9","","0.0","","0.0","","0.0","","0.0","","0","","","","<31",""
"-122.60","58.84","FORT NELSON A","1192940","2005-05-24","2005","05","24","","19.6","","0.9","","10.3","","7.7","","0.0","","0.0","","0.0","","0.0","","0","","","","<31",""
"-122.60","58.84","FORT NELSON A","1192940","2005-05-25","2005","05","25","","22.1","","4.2","","13.2","","4.8","","0.0","","0.0","","0.0","","0.0","","0","","","","<31",""
"-122.60","58.84","FORT NELSON A","1192940","2005-05-26","2005","05","26","","25.9","","5.9","","15.9","","2.1","","0.0","","0.0","","0.0","","0.0","","0","","","","<31",""
"-122.60","58.84","FORT NELSON A","1192940","2005-05-27","2005","05","27","","26.6","","13.2","","19.9","","0.0","","1.9","","0.0","","0.0","","0.0","","0","","","","<31",""
"-122.60","58.84","FORT NELSON A","1192940","2005-05-28","2005","05","28","","28.6","","14.7","","21.7","","0.0","","3.7","","0.0","","0.0","","0.0","","0","","","","<31",""
"-122.60","58.84","FORT NELSON A","1192940","2005-05-29","2005","05","29","","31.0","","9.5","","20.3","","0.0","","2.3","","0.0","","0.0","","0.0","","0","","","","<31",""
"-122.60","58.84","FORT NELSON A","1192940","2005-05-30","2005","05","30","","26.8","","11.7","","19.3","","0.0","","1.3","","0.0","","0.0","","0.0","","0","","","","<31",""
"-122.60","58.84","FORT NELSON A","1192940","2005-05-31","2005","05","31","","25.1","","10.2","","17.7","","0.3","","0.0","","3.4","","0.0","","3.4","","0","","","","<31",""
"-122.60","58.84","FORT NELSON A","1192940","2005-06-01","2005","06","01","","19.8","","12.7","","16.3","","1.7","","0.0","","0.0","","0.0","","0.0","","0","","","","<31",""
"-122.60","58.84","FORT NELSON A","1192940","2005-06-02","2005","06","02","","24.6","","10.1","","17.4","","0.6","","0.0","","3.8","","0.0","","3.8","","0","","","","<31",""
"-122.60","58.84","FORT NELSON A","1192940","2005-06-03","2005","06","03","","15.7","","11.0","","13.4","","4.6","","0.0","","0.0","T","0.0","","0.0","T","0","","","","<31",""
"-122.60","58.84","FORT NELSON A","1192940","2005-06-04","2005","06","04","","13.0","","9.1","","11.1","","6.9","","0.0","","8.2","","0.0","","8.2","","0","","","","<31",""
"-122.60","58.84","FORT NELSON A","1192940","2005-06-05","2005","06","05","","14.0","","8.1","","11.1","","6.9","","0.0","","0.0","T","0.0","","0.0","T","0","","","","<31",""
"-122.60","58.84","FORT NELSON A","1192940","2005-06-06","2005","06","06","","20.4","","11.4","","15.9","","2.1","","0.0","","0.4","","0.0","","0.4","","0","","","","<31",""
"-122.60","58.84","FORT NELSON A","1192940","2005-06-07","2005","06","07","","25.9","","11.1","","18.5","","0.0","","0.5","","0.0","","0.0","","0.0","","0","","","","<31",""
"-122.60","58.84","FORT NELSON A","1192940","2005-06-08","2005","06","08","","26.6","","9.4","","18.0","","0.0","","0.0","","0.0","","0.0","","0.0","","0","","","","<31",""
"-122.60","58.84","FORT NELSON A","1192940","2005-06-09","2005","06","09","","25.3","","9.8","","17.6","","0.4","","0.0","","0.0","","0.0","","0.0","","0","","","","<31",""
"-122.60","58.84","FORT NELSON A","1192940","2005-06-10","2005","06","10","","22.0","","12.4","","17.2","","0.8","","0.0","","3.0","","0.0","","3.0","","0","","3","","37",""
"-122.60","58.84","FORT NELSON A","1192940","2005-06-11","2005","06","11","","20.3","","6.0","","13.2","","4.8","","0.0","","0.0","","0.0","","0.0","","0","","","","<31",""
"-122.60","58.84","FORT NELSON A","1192940","2005-06-12","2005","06","12","","19.3","","3.4","","11.4","","6.6","","0.0","","0.0","","0.0","","0.0","","0","","","","<31",""
"-122.60","58.84","FORT NELSON A","1192940","2005-06-13","2005","06","13","","17.2","","4.1","","10.7","","7.3","","0.0","","0.0","T","0.0","","0.0","T","0","","","","<31",""
"-122.60","58.84","FORT NELSON A","1192940","2005-06-14","2005","06","14","","12.9","","9.0","","11.0","","7.0","","0.0","","5.6","","0.0","","5.6","","0","","33","","37",""
"-122.60","58.84","FORT NELSON A","1192940","2005-06-15","2005","06","15","","11.2","","6.6","","8.9","","9.1","","0.0","","7.0","","0.0","","7.0","","0","","","","<31",""
"-122.60","58.84","FORT NELSON A","1192940","2005-06-16","2005","06","16","","18.9","","4.4","","11.7","","6.3","","0.0","","0.0","","0.0","","0.0","","0","","","","<31",""
"-122.60","58.84","FORT NELSON A","1192940","2005-06-17","2005","06","17","","22.2","","3.0","","12.6","","5.4","","0.0","","0.0","","0.0","","0.0","","0","","","","<31",""
"-122.60","58.84","FORT NELSON A","1192940","2005-06-18","2005","06","18","","18.2","","4.9","","11.6","","6.4","","0.0","","5.4","","0.0","","5.4","","0","","","","<31",""
"-122.60","58.84","FORT NELSON A","1192940","2005-06-19","2005","06","19","","16.1","","4.9","","10.5","","7.5","","0.0","","0.4","","0.0","","0.4","","0","","","","<31",""
"-122.60","58.84","FORT NELSON A","1192940","2005-06-20","2005","06","20","","23.5","","6.2","","14.9","","3.1","","0.0","","0.0","T","0.0","","0.0","T","0","","","","<31",""
"-122.60","58.84","FORT NELSON A","1192940","2005-06-21","2005","06","21","","17.6","","9.5","","13.6","","4.4","","0.0","","0.0","","0.0","","0.0","","0","","30","E","37","E"
"-122.60","58.84","FORT NELSON A","1192940","2005-06-22","2005","06","22","","14.2","","7.4","","10.8","","7.2","","0.0","","1.6","","0.0","","1.6","","0","","","","<31",""
"-122.60","58.84","FORT NELSON A","1192940","2005-06-23","2005","06","23","","20.1","","4.2","","12.2","","5.8","","0.0","","0.0","","0.0","","0.0","","0","","","","<31",""
"-122.60","58.84","FORT NELSON A","1192940","2005-06-24","2005","06","24","","15.0","","7.7","","11.4","","6.6","","0.0","","0.0","T","0.0","","0.0","T","0","","","","<31",""
"-122.60","58.84","FORT NELSON A","1192940","2005-06-25","2005","06","25","","15.7","","8.0","","11.9","","6.1","","0.0","","1.0","","0.0","","1.0","","0","","","","<31",""
"-122.60","58.84","FORT NELSON A","1192940","2005-06-26","2005","06","26","","20.4","","1.7","","11.1","","6.9","","0.0","","0.0","","0.0","","0.0","","0","","","","<31",""
"-122.60","58.84","FORT NELSON A","1192940","2005-06-27","2005","06","27","","23.7","","4.6","","14.2","","3.8","","0.0","","0.0","","0.0","","0.0","","0","","","","<31",""
"-122.60","58.84","FORT NELSON A","1192940","2005-06-28","2005","06","28","","27.9","","6.8","","17.4","","0.6","","0.0","","0.0","","0.0","","0.0","","0","","","","<31",""
"-122.60","58.84","FORT NELSON A","1192940","2005-06-29","2005","06","29","","27.0","","12.3","","19.7","","0.0","","1.7","","1.2","","0.0","","1.2","","0","","","","<31",""
"-122.60","58.84","FORT NELSON A","1192940","2005-06-30","2005","06","30","","25.9","","9.1","","17.5","","0.5","","0.0","","0.6","","0.0","","0.6","","0","","","","<31",""
"-122.60","58.84","FORT NELSON A","1192940","2005-07-01","2005","07","01","","22.4","","10.2","","16.3","","1.7","","0.0","","2.0","","0.0","","2.0","","0","","","","<31",""
"-122.60","58.84","FORT NELSON A","1192940","2005-07-02","2005","07","02","","24.8","","10.4","","17.6","","0.4","","0.0","","0.0","","0.0","","0.0","","0","","","","<31",""
"-122.60","58.84","FORT NELSON A","1192940","2005-07-03","2005","07","03","","23.5","","14.2","","18.9","","0.0","","0.9","","3.0","","0.0","","3.0","","0","","","","<31",""
"-122.60","58.84","FORT NELSON A","1192940","2005-07-04","2005","07","04","","26.5","","9.3","","17.9","","0.1","","0.0","","0.0","T","0.0","","0.0","T","0","","","","<31",""
"-122.60","58.84","FORT NELSON A","1192940","2005-07-05","2005","07","05","","24.4","","9.5","","17.0","","1.0","","0.0","","3.4","","0.0","","3.4","","0","","","","<31",""
"-122.60","58.84","FORT NELSON A","1192940","2005-07-06","2005","07","06","","21.8","","10.0","","15.9","","2.1","","0.0","","9.6","","0.0","","9.6","","0","","","","<31",""
"-122.60","58.84","FORT NELSON A","1192940","2005-07-07","2005","07","07","","22.3","","11.6","","17.0","","1.0","","0.0","","1.5","","0.0","","1.5","","0","","30","E","37","E"
"-122.60","58.84","FORT NELSON A","1192940","2005-07-08","2005","07","08","","22.3","","10.1","","16.2","","1.8","","0.0","","0.0","","0.0","","0.0","","0","","","","<31",""
"-122.60","58.84","FORT NELSON A","1192940","2005-07-09","2005","07","09","","19.6","","12.0","","15.8","","2.2","","0.0","","0.0","T","0.0","","0.0","T","0","","","","<31",""
"-122.60","58.84","FORT NELSON A","1192940","2005-07-10","2005","07","10","","23.8","","11.9","","17.9","","0.1","","0.0","","0.2","","0.0","","0.2","","0","","","","<31",""
"-122.60","58.84","FORT NELSON A","1192940","2005-07-11","2005","07","11","","27.4","","12.5","","20.0","","0.0","","2.0","","0.0","","0.0","","0.0","","0","","","","<31",""
"-122.60","58.84","FORT NELSON A","1192940","2005-07-12","2005","07","12","","27.4","","10.5","","19.0","","0.0","","1.0","","2.4","","0.0","","2.4","","0","","","","<31",""
"-122.60","58.84","FORT NELSON A","1192940","2005-07-13","2005","07","13","","24.2","","10.2","","17.2","","0.8","","0.0","","0.0","T","0.0","","0.0","T","0","","","","<31",""
"-122.60","58.84","FORT NELSON A","1192940","2005-07-14","2005","07","14","","26.0","","11.2","","18.6","","0.0","","0.6","","0.0","","0.0","","0.0","","0","","31","E","41","E"
"-122.60","58.84","FORT NELSON A","1192940","2005-07-15","2005","07","15","","23.2","","14.4","","18.8","","0.0","","0.8","","4.4","","0.0","","4.4","","0","","","","<31",""
"-122.60","58.84","FORT NELSON A","1192940","2005-07-16","2005","07","16","","25.2","","12.6","","18.9","","0.0","","0.9","","0.0","","0.0","","0.0","","0","","","","<31",""
"-122.60","58.84","FORT NELSON A","1192940","2005-07-17","2005","07","17","","24.1","","12.3","","18.2","","0.0","","0.2","","18.4","","0.0","","18.4","","0","","32","E","56","E"
"-122.60","58.84","FORT NELSON A","1192940","2005-07-18","2005","07","18","","16.2","","10.0","","13.1","","4.9","","0.0","","7.6","","0.0","","7.6","","0","","31","E","43","E"
"-122.60","58.84","FORT NELSON A","1192940","2005-07-19","2005","07","19","","19.5","","8.1","","13.8","","4.2","","0.0","","0.0","","0.0","","0.0","","0","","","","<31",""
"-122.60","58.84","FORT NELSON A","1192940","2005-07-20","2005","07","20","","13.8","","7.2","","10.5","","7.5","","0.0","","0.0","","0.0","","0.0","","0","","","","<31",""
"-122.60","58.84","FORT NELSON A","1192940","2005-07-21","2005","07","21","","10.9","","7.5","","9.2","","8.8","","0.0","","0.0","T","0.0","","0.0","T","0","","","","<31",""
"-122.60","58.84","FORT NELSON A","1192940","2005-07-22","2005","07","22","","9.7","","7.0","","8.4","","9.6","","0.0","","7.4","","0.0","","7.4","","0","","","","<31",""
"-122.60","58.84","FORT NELSON A","1192940","2005-07-23","2005","07","23","","17.0","","8.0","","12.5","","5.5","","0.0","","0.0","","0.0","","0.0","","0","","","","<31",""
"-122.60","58.84","FORT NELSON A","1192940","2005-07-24","2005","07","24","","20.3","","5.7","","13.0","","5.0","","0.0","","9.6","","0.0","","9.6","","0","","","","<31",""
"-122.60","58.84","FORT NELSON A","1192940","2005-07-25","2005","07","25","","12.8","","9.0","","10.9","","7.1","","0.0","","4.4","","0.0","","4.4","","0","","","","<31",""
"-122.60","58.84","FORT NELSON A","1192940","2005-07-26","2005","07","26","","20.4","","7.7","","14.1","","3.9","","0.0","","0.6","","0.0","","0.6","","0","","","","<31",""
"-122.60","58.84","FORT NELSON A","1192940","2005-07-27","2005","07","27","","23.7","","8.7","","16.2","","1.8","","0.0","","0.0","","0.0","","0.0","","0","","","","<31",""
"-122.60","58.84","FORT NELSON A","1192940","2005-07-28","2005","07","28","","21.5","","11.8","","16.7","","1.3","","0.0","","5.0","","0.0","","5.0","","0","","","","<31",""
"-122.60","58.84","FORT NELSON A","1192940","2005-07-29","2005","07","29","","22.3","","9.0","","15.7","","2.3","","0.0","","0.0","","0.0","","0.0","","0","","","","<31",""
"-122.60","58.84","FORT NELSON A","1192940","2005-07-30","2005","07","30","","22.5","","11.7","","17.1","","0.9","","0.0","","0.0","","0.0","","0.0","","0","","","","<31",""
"-122.60","58.84","FORT NELSON A","1192940","2005-07-31","2005","07","31","","20.9","","9.4","","15.2","","2.8","","0.0","","0.2","","0.0","","0.2","","0","","","","<31",""
"-122.60","58.84","FORT NELSON A","1192940","2005-08-01","2005","08","01","","13.3","","10.6","","12.0","","6.0","","0.0","","50.2","","0.0","","50.2","","0","","33","","46",""
"-122.60","58.84","FORT NELSON A","1192940","2005-08-02","2005","08","02","","21.4","","10.4","","15.9","","2.1","","0.0","","7.8","","0.0","","7.8","","0","","30","","37",""
"-122.60","58.84","FORT NELSON A","1192940","2005-08-03","2005","08","03","","25.1","","8.5","","16.8","","1.2","","0.0","","0.0","","0.0","","0.0","","0","","","","<31",""
"-122.60","58.84","FORT NELSON A","1192940","2005-08-04","2005","08","04","","26.0","","11.4","","18.7","","0.0","","0.7","","0.2","","0.0","","0.2","","0","","","","<31",""
"-122.60","58.84","FORT NELSON A","1192940","2005-08-05","2005","08","05","","24.2","","13.2","","18.7","","0.0","","0.7","","0.0","T","0.0","","0.0","T","0","","","","<31",""
"-122.60","58.84","FORT NELSON A","1192940","2005-08-06","2005","08","06","","21.0","","13.0","","17.0","","1.0","","0.0","","0.0","","0.0","","0.0","","0","","","","<31",""
"-122.60","58.84","FORT NELSON A","1192940","2005-08-07","2005","08","07","","18.1","","8.6","","13.4","","4.6","","0.0","","0.0","T","0.0","","0.0","T","0","","","","<31",""
"-122.60","58.84","FORT NELSON A","1192940","2005-08-08","2005","08","08","","21.7","","7.5","","14.6","","3.4","","0.0","","0.0","T","0.0","","0.0","T","0","","","","<31",""
"-122.60","58.84","FORT NELSON A","1192940","2005-08-09","2005","08","09","","19.9","","10.2","","15.1","","2.9","","0.0","","0.0","","0.0","","0.0","","0","","","","<31",""
"-122.60","58.84","FORT NELSON A","1192940","2005-08-10","2005","08","10","","25.3","","9.5","","17.4","","0.6","","0.0","","0.0","","0.0","","0.0","","0","","","","<31",""
"-122.60","58.84","FORT NELSON A","1192940","2005-08-11","2005","08","11","","23.9","","14.5","","19.2","","0.0","","1.2","","4.2","","0.0","","4.2","","0","","","","<31",""
"-122.60","58.84","FORT NELSON A","1192940","2005-08-12","2005","08","12","","25.5","","9.4","","17.5","","0.5","","0.0","","0.0","","0.0","","0.0","","0","","","","<31",""
"-122.60","58.84","FORT NELSON A","1192940","2005-08-13","2005","08","13","","16.9","","11.5","","14.2","","3.8","","0.0","","0.0","T","0.0","","0.0","T","0","","","","<31",""
"-122.60","58.84","FORT NELSON A","1192940","2005-08-14","2005","08","14","","12.5","","6.4","","9.5","","8.5","","0.0","","0.6","","0.0","","0.6","","0","","","","<31",""
"-122.60","58.84","FORT NELSON A","1192940","2005-08-15","2005","08","15","","15.0","","5.5","","10.3","","7.7","","0.0","","0.0","","0.0","","0.0","","0","","","","<31",""
"-122.60","58.84","FORT NELSON A","1192940","2005-08-16","2005","08","16","","15.8","","7.4","","11.6","","6.4","","0.0","","0.0","","0.0","","0.0","","0","","","","<31",""
"-122.60","58.84","FORT NELSON A","1192940","2005-08-17","2005","08","17","","19.9","","2.1","","11.0","","7.0","","0.0","","0.0","","0.0","","0.0","","0","","","","<31",""
"-122.60","58.84","FORT NELSON A","1192940","2005-08-18","2005","08","18","","24.5","","6.0","","15.3","","2.7","","0.0","","0.0","","0.0","","0.0","","0","","","","<31",""
"-122.60","58.84","FORT NELSON A","1192940","2005-08-19","2005","08","19","","27.8","","11.5","","19.7","","0.0","","1.7","","0.0","","0.0","","0.0","","0","","31","","39",""
"-122.60","58.84","FORT NELSON A","1192940","2005-08-20","2005","08","20","","25.6","","9.2","","17.4","","0.6","","0.0","","0.0","T","0.0","","0.0","T","0","","","","<31",""
"-122.60","58.84","FORT NELSON A","1192940","2005-08-21","2005","08","21","","23.7","","9.8","","16.8","","1.2","","0.0","","0.0","","0.0","","0.0","","0","","","","<31",""
"-122.60","58.84","FORT NELSON A","1192940","2005-08-22","2005","08","22","","22.6","","8.0","","15.3","","2.7","","0.0","","0.0","T","0.0","","0.0","T","0","","","","<31",""
"-122.60","58.84","FORT NELSON A","1192940","2005-08-23","2005","08","23","","22.5","","6.3","","14.4","","3.6","","0.0","","0.0","","0.0","","0.0","","0","","","","<31",""
"-122.60","58.84","FORT NELSON A","1192940","2005-08-24","2005","08","24","","23.9","","7.4","","15.7","","2.3","","0.0","","0.0","","0.0","","0.0","","0","","","","<31",""
"-122.60","58.84","FORT NELSON A","1192940","2005-08-25","2005","08","25","","28.4","","7.3","","17.9","","0.1","","0.0","","0.0","","0.0","","0.0","","0","","","","<31",""
"-122.60","58.84","FORT NELSON A","1192940","2005-08-26","2005","08","26","","25.3","","11.7","","18.5","","0.0","","0.5","","0.0","","0.0","","0.0","","0","","","","<31",""
"-122.60","58.84","FORT NELSON A","1192940","2005-08-27","2005","08","27","","14.6","","7.9","","11.3","","6.7","","0.0","","2.4","","0.0","","2.4","","0","","","","<31",""
"-122.60","58.84","FORT NELSON A","1192940","2005-08-28","2005","08","28","","10.2","","3.3","","6.8","","11.2","","0.0","","40.6","","0.0","","40.6","","0","","31","","33",""
"-122.60","58.84","FORT NELSON A","1192940","2005-08-29","2005","08","29","","10.8","","1.7","","6.3","","11.7","","0.0","","0.0","","0.0","","0.0","","0","","","","<31",""
"-122.60","58.84","FORT NELSON A","1192940","2005-08-30","2005","08","30","","16.8","","1.6","","9.2","","8.8","","0.0","","0.8","","0.0","","0.8","","0","","","","<31",""
"-122.60","58.84","FORT NELSON A","1192940","2005-08-31","2005","08","31","","18.9","","5.4","","12.2","","5.8","","0.0","","0.4","","0.0","","0.4","","0","","","","<31",""
"-122.60","58.84","FORT NELSON A","1192940","2005-09-01","2005","09","01","","19.3","","3.8","","11.6","","6.4","","0.0","","0.0","","0.0","","0.0","","0","","","","<31",""
"-122.60","58.84","FORT NELSON A","1192940","2005-09-02","2005","09","02","","13.8","","6.8","","10.3","","7.7","","0.0","","0.0","","0.0","","0.0","","0","","","","<31",""
"-122.60","58.84","FORT NELSON A","1192940","2005-09-03","2005","09","03","","17.4","","7.1","","12.3","","5.7","","0.0","","0.0","","0.0","","0.0","","0","","","","<31",""
"-122.60","58.84","FORT NELSON A","1192940","2005-09-04","2005","09","04","","19.8","","4.9","","12.4","","5.6","","0.0","","0.0","","0.0","","0.0","","0","","35","","37",""
"-122.60","58.84","FORT NELSON A","1192940","2005-09-05","2005","09","05","","20.0","","5.1","","12.6","","5.4","","0.0","","0.0","","0.0","","0.0","","0","","","","<31",""
"-122.60","58.84","FORT NELSON A","1192940","2005-09-06","2005","09","06","","22.6","","2.5","","12.6","","5.4","","0.0","","0.0","","0.0","","0.0","","0","","","","<31",""
"-122.60","58.84","FORT NELSON A","1192940","2005-09-07","2005","09","07","","21.9","","8.5","","15.2","","2.8","","0.0","","0.0","T","0.0","","0.0","T","0","","27","","37",""
"-122.60","58.84","FORT NELSON A","1192940","2005-09-08","2005","09","08","","15.6","","7.7","","11.7","","6.3","","0.0","","5.6","","0.0","","5.6","","0","","33","","46",""
"-122.60","58.84","FORT NELSON A","1192940","2005-09-09","2005","09","09","","10.4","","7.9","","9.2","","8.8","","0.0","","10.6","","0.0","","10.6","","0","","33","","46",""
"-122.60","58.84","FORT NELSON A","1192940","2005-09-10","2005","09","10","","17.1","","2.5","","9.8","","8.2","","0.0","","0.0","","0.0","","0.0","","0","","","","<31",""
"-122.60","58.84","FORT NELSON A","1192940","2005-09-11","2005","09","11","","13.6","","6.6","","10.1","","7.9","","0.0","","0.8","","0.0","","0.8","","0","","","","<31",""
"-122.60","58.84","FORT NELSON A","1192940","2005-09-12","2005","09","12","","14.7","","6.0","","10.4","","7.6","","0.0","","2.6","","0.0","","2.6","","0","","","","<31",""
"-122.60","58.84","FORT NELSON A","1192940","2005-09-13","2005","09","13","","9.5","","5.7","","7.6","","10.4","","0.0","","6.2","","0.0","","6.2","","0","","","","<31",""
"-122.60","58.84","FORT NELSON A","1192940","2005-09-14","2005","09","14","","8.8","","4.6","","6.7","","11.3","","0.0","","1.8","","0.0","","1.8","","0","","","","<31",""
"-122.60","58.84","FORT NELSON A","1192940","2005-09-15","2005","09","15","","14.2","","2.2","","8.2","","9.8","","0.0","","0.0","","0.0","","0.0","","0","","","","<31",""
"-122.60","58.84","FORT NELSON A","1192940","2005-09-16","2005","09","16","","16.8","","3.7","","10.3","","7.7","","0.0","","0.0","","0.0","","0.0","","0","","","","<31",""
"-122.60","58.84","FORT NELSON A","1192940","2005-09-17","2005","09","17","","15.6","","6.1","","10.9","","7.1","","0.0","","0.0","","0.0","","0.0","","0","","","","<31",""
"-122.60","58.84","FORT NELSON A","1192940","2005-09-18","2005","09","18","","17.5","","3.4","","10.5","","7.5","","0.0","","3.8","","0.0","","3.8","","0","","26","E","37","E"
"-122.60","58.84","FORT NELSON A","1192940","2005-09-19","2005","09","19","","16.8","","6.2","","11.5","","6.5","","0.0","","0.0","","0.0","","0.0","","0","","","","<31",""
"-122.60","58.84","FORT NELSON A","1192940","2005-09-20","2005","09","20","","13.8","","5.8","","9.8","","8.2","","0.0","","0.0","T","0.0","","0.0","T","0","","","","<31",""
"-122.60","58.84","FORT NELSON A","1192940","2005-09-21","2005","09","21","","13.5","","2.7","","8.1","","9.9","","0.0","","0.0","T","0.0","","0.0","T","0","","","","<31",""
"-122.60","58.84","FORT NELSON A","1192940","2005-09-22","2005","09","22","","13.9","","1.6","","7.8","","10.2","","0.0","","0.0","","0.0","","0.0","","0","","","","<31",""
"-122.60","58.84","FORT NELSON A","1192940","2005-09-23","2005","09","23","","11.2","","3.4","","7.3","","10.7","","0.0","","0.0","T","0.0","","0.0","T","0","","","","<31",""
"-122.60","58.84","FORT NELSON A","1192940","2005-09-24","2005","09","24","","13.3","","5.5","","9.4","","8.6","","0.0","","0.0","T","0.0","","0.0","T","0","","","","<31",""
"-122.60","58.84","FORT NELSON A","1192940","2005-09-25","2005","09","25","","16.0","","5.1","","10.6","","7.4","","0.0","","0.0","","0.0","","0.0","","0","","27","","65",""
"-122.60","58.84","FORT NELSON A","1192940","2005-09-26","2005","09","26","","13.5","","-1.4","","6.1","","11.9","","0.0","","0.0","","0.0","","0.0","","0","","","","<31",""
"-122.60","58.84","FORT NELSON A","1192940","2005-09-27","2005","09","27","","14.9","","-0.5","","7.2","","10.8","","0.0","","0.0","","0.0","","0.0","","0","","","","<31",""
"-122.60","58.84","FORT NELSON A","1192940","2005-09-28","2005","09","28","","15.1","","5.2","","10.2","","7.8","","0.0","","1.2","","0.0","","1.2","","0","","","","<31",""
"-122.60","58.84","FORT NELSON A","1192940","2005-09-29","2005","09","29","","12.8","","1.5","","7.2","","10.8","","0.0","","0.0","","0.0","","0.0","","0","","","","<31",""
"-122.60","58.84","FORT NELSON A","1192940","2005-09-30","2005","09","30","","8.2","","3.1","","5.7","","12.3","","0.0","","0.2","","0.0","","0.2","","0","","","","<31",""
"-122.60","58.84","FORT NELSON A","1192940","2005-10-01","2005","10","01","","5.1","","0.6","","2.9","","15.1","","0.0","","0.0","T","0.0","","0.0","T","0","","","","<31",""
"-122.60","58.84","FORT NELSON A","1192940","2005-10-02","2005","10","02","","4.2","","0.2","","2.2","","15.8","","0.0","","10.2","","4.2","","14.4","","0","","","","<31",""
"-122.60","58.84","FORT NELSON A","1192940","2005-10-03","2005","10","03","","2.7","","0.3","","1.5","","16.5","","0.0","","5.0","","7.0","","12.0","","0","","","","<31",""
"-122.60","58.84","FORT NELSON A","1192940","2005-10-04","2005","10","04","","3.3","","-0.9","","1.2","","16.8","","0.0","","0.0","","0.0","T","0.0","T","0","","","","<31",""
"-122.60","58.84","FORT NELSON A","1192940","2005-10-05","2005","10","05","","2.9","","-1.8","","0.6","","17.4","","0.0","","0.0","","0.0","","0.0","","0","","","","<31",""
"-122.60","58.84","FORT NELSON A","1192940","2005-10-06","2005","10","06","","1.6","","-0.7","","0.5","","17.5","","0.0","","0.0","T","0.0","","0.0","T","0","","","","<31",""
"-122.60","58.84","FORT NELSON A","1192940","2005-10-07","2005","10","07","","12.0","","-0.4","","5.8","","12.2","","0.0","","0.0","","0.0","","0.0","","0","","","","<31",""
"-122.60","58.84","FORT NELSON A","1192940","2005-10-08","2005","10","08","","6.3","","-3.9","","1.2","","16.8","","0.0","","0.0","","0.0","","0.0","","0","","","","<31",""
"-122.60","58.84","FORT NELSON A","1192940","2005-10-09","2005","10","09","","10.3","","-3.4","","3.5","","14.5","","0.0","","0.0","","0.0","","0.0","","0","","","","<31",""
"-122.60","58.84","FORT NELSON A","1192940","2005-10-10","2005","10","10","","16.2","","4.2","","10.2","","7.8","","0.0","","0.0","","0.0","","0.0","","0","","","","<31",""
"-122.60","58.84","FORT NELSON A","1192940","2005-10-11","2005","10","11","","14.3","","-1.8","","6.3","","11.7","","0.0","","0.0","","0.0","","0.0","","0","","","","<31",""
"-122.60","58.84","FORT NELSON A","1192940","2005-10-12","2005","10","12","","16.5","","2.4","","9.5","","8.5","","0.0","","0.0","","0.0","","0.0","","0","","","","<31",""
"-122.60","58.84","FORT NELSON A","1192940","2005-10-13","2005","10","13","","10.9","","-3.0","","4.0","","14.0","","0.0","","0.0","","0.0","","0.0","","0","","","","<31",""
"-122.60","58.84","FORT NELSON A","1192940","2005-10-14","2005","10","14","","10.5","","-1.8","","4.4","","13.6","","0.0","","0.0","","0.0","","0.0","","0","","","","<31",""
"-122.60","58.84","FORT NELSON A","1192940","2005-10-15","2005","10","15","","4.8","","-1.2","","1.8","","16.2","","0.0","","0.0","","1.6","","1.4","","0","","","","<31",""
"-122.60","58.84","FORT NELSON A","1192940","2005-10-16","2005","10","16","","-0.2","","-3.2","","-1.7","","19.7","","0.0","","0.0","","0.0","","0.0","","2","","","","<31",""
"-122.60","58.84","FORT NELSON A","1192940","2005-10-17","2005","10","17","","0.1","","-3.5","","-1.7","","19.7","","0.0","","0.0","","0.8","","0.6","","2","","","","<31",""
"-122.60","58.84","FORT NELSON A","1192940","2005-10-18","2005","10","18","","2.9","","-7.0","","-2.1","","20.1","","0.0","","0.0","","0.0","","0.0","","2","","","","<31",""
"-122.60","58.84","FORT NELSON A","1192940","2005-10-19","2005","10","19","","6.7","","-4.4","","1.2","","16.8","","0.0","","0.0","","0.0","","0.0","","1","","30","E","37","E"
"-122.60","58.84","FORT NELSON A","1192940","2005-10-20","2005","10","20","","8.9","","-4.3","","2.3","","15.7","","0.0","","0.0","","0.0","","0.0","","0","","","","<31",""
"-122.60","58.84","FORT NELSON A","1192940","2005-10-21","2005","10","21","","5.9","","-7.0","","-0.6","","18.6","","0.0","","1.2","","0.0","","1.2","","0","","","","<31",""
"-122.60","58.84","FORT NELSON A","1192940","2005-10-22","2005","10","22","","10.3","","-2.4","","4.0","","14.0","","0.0","","0.0","T","0.0","","0.0","T","0","","","","<31",""
"-122.60","58.84","FORT NELSON A","1192940","2005-10-23","2005","10","23","","9.5","","-5.4","","2.1","","15.9","","0.0","","0.0","","0.0","","0.0","","0","","","","<31",""
"-122.60","58.84","FORT NELSON A","1192940","2005-10-24","2005","10","24","","12.0","","-4.6","","3.7","","14.3","","0.0","","0.0","","0.0","","0.0","","0","","","","<31",""
"-122.60","58.84","FORT NELSON A","1192940","2005-10-25","2005","10","25","","16.3","","9.5","","12.9","","5.1","","0.0","","0.0","","0.0","","0.0","","0","","","","<31",""
"-122.60","58.84","FORT NELSON A","1192940","2005-10-26","2005","10","26","","12.0","","-0.6","","5.7","","12.3","","0.0","","0.2","","0.0","","0.2","","0","","","","<31",""
"-122.60","58.84","FORT NELSON A","1192940","2005-10-27","2005","10","27","","7.2","","-6.7","","0.3","","17.7","","0.0","","0.0","","0.0","","0.0","","0","","","","<31",""
"-122.60","58.84","FORT NELSON A","1192940","2005-10-28","2005","10","28","","3.0","","-8.9","","-3.0","","21.0","","0.0","","0.0","","0.0","","0.0","","0","","","","<31",""
"-122.60","58.84","FORT NELSON A","1192940","2005-10-29","2005","10","29","","-1.9","","-9.4","","-5.7","","23.7","","0.0","","0.0","","0.0","","0.0","","0","","","","<31",""
"-122.60","58.84","FORT NELSON A","1192940","2005-10-30","2005","10","30","","5.5","","-8.7","","-1.6","","19.6","","0.0","","0.0","","0.0","","0.0","","0","","","","<31",""
"-122.60","58.84","FORT NELSON A","1192940","2005-10-31","2005","10","31","","-3.0","","-7.6","","-5.3","","23.3","","0.0","","0.0","","0.2","","0.0","T","0","","","","<31",""
"-122.60","58.84","FORT NELSON A","1192940","2005-11-01","2005","11","01","","-4.0","","-6.8","","-5.4","","23.4","","0.0","","0.0","T","0.6","","0.6","","1","","","","<31",""
"-122.60","58.84","FORT NELSON A","1192940","2005-11-02","2005","11","02","","-2.2","","-4.3","","-3.3","","21.3","","0.0","","0.0","","0.0","T","0.0","T","1","","","","<31",""
"-122.60","58.84","FORT NELSON A","1192940","2005-11-03","2005","11","03","","-3.4","","-5.5","","-4.5","","22.5","","0.0","","0.0","T","0.4","","0.0","T","1","","","","<31",""
"-122.60","58.84","FORT NELSON A","1192940","2005-11-04","2005","11","04","","-2.7","","-6.8","","-4.8","","22.8","","0.0","","0.0","T","2.4","","1.8","","1","","","","<31",""
"-122.60","58.84","FORT NELSON A","1192940","2005-11-05","2005","11","05","","-6.7","","-10.9","","-8.8","","26.8","","0.0","","0.0","","2.4","","2.0","","4","","","","<31",""
"-122.60","58.84","FORT NELSON A","1192940","2005-11-06","2005","11","06","","-10.1","","-18.9","","-14.5","","32.5","","0.0","","0.0","","1.0","","0.8","","7","","","","<31",""
"-122.60","58.84","FORT NELSON A","1192940","2005-11-07","2005","11","07","","-11.1","","-13.0","","-12.1","","30.1","","0.0","","0.0","","2.8","","0.8","","10","","","","<31",""
"-122.60","58.84","FORT NELSON A","1192940","2005-11-08","2005","11","08","","-8.6","","-12.7","","-10.7","","28.7","","0.0","","0.0","","0.0","T","0.0","T","11","","","","<31",""
"-122.60","58.84","FORT NELSON A","1192940","2005-11-09","2005","11","09","","-8.5","","-10.3","","-9.4","","27.4","","0.0","","0.0","","0.0","T","0.0","T","11","","","","<31",""
"-122.60","58.84","FORT NELSON A","1192940","2005-11-10","2005","11","10","","-9.7","","-11.4","","-10.6","","28.6","","0.0","","0.0","","5.4","","3.8","","12","","","","<31",""
"-122.60","58.84","FORT NELSON A","1192940","2005-11-11","2005","11","11","","-7.6","","-12.9","","-10.3","","28.3","","0.0","","0.0","","2.8","","1.6","","14","","","","<31",""
"-122.60","58.84","FORT NELSON A","1192940","2005-11-12","2005","11","12","","-7.5","","-12.7","","-10.1","","28.1","","0.0","","0.0","","0.0","T","0.0","T","15","","","","<31",""
"-122.60","58.84","FORT NELSON A","1192940","2005-11-13","2005","11","13","","-11.6","","-16.6","","-14.1","","32.1","","0.0","","0.0","","2.8","","1.0","","16","","","","<31",""
"-122.60","58.84","FORT NELSON A","1192940","2005-11-14","2005","11","14","","-15.0","","-23.8","","-19.4","","37.4","","0.0","","0.0","","0.4","","0.0","T","16","","","","<31",""
"-122.60","58.84","FORT NELSON A","1192940","2005-11-15","2005","11","15","","-15.6","","-25.9","","-20.8","","38.8","","0.0","","0.0","","0.0","","0.0","","15","","","","<31",""
"-122.60","58.84","FORT NELSON A","1192940","2005-11-16","2005","11","16","","-7.8","","-16.1","","-12.0","","30.0","","0.0","","0.0","","0.0","","0.0","","15","","","","<31",""
"-122.60","58.84","FORT NELSON A","1192940","2005-11-17","2005","11","17","","-2.4","","-13.8","","-8.1","","26.1","","0.0","","0.0","T","0.0","","0.0","T","15","","","","<31",""
"-122.60","58.84","FORT NELSON A","1192940","2005-11-18","2005","11","18","","7.3","","-5.2","","1.1","","16.9","","0.0","","0.0","","0.0","","0.0","","10","","30","E","56","E"
"-122.60","58.84","FORT NELSON A","1192940","2005-11-19","2005","11","19","","11.6","","-4.7","","3.5","","14.5","","0.0","","0.0","T","0.0","","0.0","T","9","","","","<31",""
"-122.60","58.84","FORT NELSON A","1192940","2005-11-20","2005","11","20","","5.8","","-3.6","","1.1","","16.9","","0.0","","0.0","T","0.0","","0.0","T","9","","32","E","32","E"
"-122.60","58.84","FORT NELSON A","1192940","2005-11-21","2005","11","21","","10.0","","-1.9","","4.1","","13.9","","0.0","","0.0","","0.0","","0.0","","9","","","","<31",""
"-122.60","58.84","FORT NELSON A","1192940","2005-11-22","2005","11","22","","9.0","","0.5","","4.8","","13.2","","0.0","","0.0","T","0.0","","0.0","T","7","","","","<31",""
"-122.60","58.84","FORT NELSON A","1192940","2005-11-23","2005","11","23","","0.5","","-6.2","","-2.9","","20.9","","0.0","","0.0","","0.0","","0.0","","6","","","","<31",""
"-122.60","58.84","FORT NELSON A","1192940","2005-11-24","2005","11","24","","2.3","","-9.0","","-3.4","","21.4","","0.0","","0.0","","0.0","","0.0","","3","","","","<31",""
"-122.60","58.84","FORT NELSON A","1192940","2005-11-25","2005","11","25","","-3.9","","-12.2","","-8.1","","26.1","","0.0","","0.0","","0.0","","0.0","","3","","","","<31",""
"-122.60","58.84","FORT NELSON A","1192940","2005-11-26","2005","11","26","","-5.0","","-14.8","","-9.9","","27.9","","0.0","","0.0","","0.0","","0.0","","3","","","","<31",""
"-122.60","58.84","FORT NELSON A","1192940","2005-11-27","2005","11","27","","-8.9","","-18.9","","-13.9","","31.9","","0.0","","0.0","","0.0","","0.0","","3","","","","<31",""
"-122.60","58.84","FORT NELSON A","1192940","2005-11-28","2005","11","28","","-11.2","","-20.9","","-16.1","","34.1","","0.0","","0.0","","0.0","","0.0","","3","","","","<31",""
"-122.60","58.84","FORT NELSON A","1192940","2005-11-29","2005","11","29","","-16.0","","-23.9","","-20.0","","38.0","","0.0","","0.0","","0.0","T","0.0","T","3","","","","<31",""
"-122.60","58.84","FORT NELSON A","1192940","2005-11-30","2005","11","30","","-14.5","","-19.0","","-16.8","","34.8","","0.0","","0.0","","0.4","","0.0","T","3","","","","<31",""
"-122.60","58.84","FORT NELSON A","1192940","2005-12-01","2005","12","01","","-13.7","","-15.9","","-14.8","","32.8","","0.0","","0.0","","1.4","","1.0","","3","","","","",""
"-122.60","58.84","FORT NELSON A","1192940","2005-12-02","2005","12","02","","-14.5","","-16.5","","-15.5","","33.5","","0.0","","0.0","","2.0","","0.4","","5","","","","",""
"-122.60","58.84","FORT NELSON A","1192940","2005-12-03","2005","12","03","","-16.5","","-27.0","","-21.8","","39.8","","0.0","","0.0","","0.0","T","0.0","T","7","","","","",""
"-122.60","58.84","FORT NELSON A","1192940","2005-12-04","2005","12","04","","-17.8","","-27.9","","-22.9","","40.9","","0.0","","0.0","","0.0","T","0.0","T","7","","","","",""
"-122.60","58.84","FORT NELSON A","1192940","2005-12-05","2005","12","05","","-19.5","","-26.9","","-23.2","","41.2","","0.0","","0.0","","0.0","","0.0","","7","","","","",""
"-122.60","58.84","FORT NELSON A","1192940","2005-12-06","2005","12","06","","-19.1","","-27.9","","-23.5","","41.5","","0.0","","0.0","","0.0","","0.0","","7","","","","",""
"-122.60","58.84","FORT NELSON A","1192940","2005-12-07","2005","12","07","","-10.8","","-19.7","","-15.3","","33.3","","0.0","","0.0","T","0.0","","0.0","T","7","","","","",""
"-122.60","58.84","FORT NELSON A","1192940","2005-12-08","2005","12","08","","-5.0","","-11.8","","-8.4","","26.4","","0.0","","0.0","T","0.0","T","0.0","T","7","","","","",""
"-122.60","58.84","FORT NELSON A","1192940","2005-12-09","2005","12","09","","8.6","","-5.1","","1.8","","16.2","","0.0","","0.2","","0.0","","0.2","","7","","","","",""
"-122.60","58.84","FORT NELSON A","1192940","2005-12-10","2005","12","10","","-0.1","","-7.7","","-3.9","","21.9","","0.0","","0.0","T","0.0","","0.0","T","3","","","","",""
"-122.60","58.84","FORT NELSON A","1192940","2005-12-11","2005","12","11","","-3.0","","-8.6","","-5.8","","23.8","","0.0","","0.0","","0.0","","0.0","","3","","","","",""
"-122.60","58.84","FORT NELSON A","1192940","2005-12-12","2005","12","12","","-4.6","","-9.9","","-7.3","","25.3","","0.0","","0.0","","0.0","","0.0","","1","","","","",""
"-122.60","58.84","FORT NELSON A","1192940","2005-12-13","2005","12","13","","-2.6","","-11.2","","-6.9","","24.9","","0.0","","0.0","","0.0","","0.0","","1","","","","",""
"-122.60","58.84","FORT NELSON A","1192940","2005-12-14","2005","12","14","","-4.5","","-18.0","","-11.3","","29.3","","0.0","","0.0","","0.0","T","0.0","T","1","","","","",""
"-122.60","58.84","FORT NELSON A","1192940","2005-12-15","2005","12","15","","-11.6","","-15.2","","-13.4","","31.4","","0.0","","0.0","T","0.8","","0.8","","1","","","","",""
"-122.60","58.84","FORT NELSON A","1192940","2005-12-16","2005","12","16","","-9.7","","-13.1","","-11.4","","29.4","","0.0","","0.0","","0.0","T","0.0","T","2","","","","",""
"-122.60","58.84","FORT NELSON A","1192940","2005-12-17","2005","12","17","","-11.6","","-18.5","","-15.1","","33.1","","0.0","","0.0","","0.0","","0.0","","2","","","","",""
"-122.60","58.84","FORT NELSON A","1192940","2005-12-18","2005","12","18","","-12.0","","-20.3","","-16.2","","34.2","","0.0","","0.0","","0.0","","0.0","","2","","","","",""
"-122.60","58.84","FORT NELSON A","1192940","2005-12-19","2005","12","19","","-14.6","","-21.6","","-18.1","","36.1","","0.0","","0.0","","0.0","","0.0","","2","","","","",""
"-122.60","58.84","FORT NELSON A","1192940","2005-12-20","2005","12","20","","-13.6","","-23.6","","-18.6","","36.6","","0.0","","0.0","T","0.0","","0.0","T","2","","","","",""
"-122.60","58.84","FORT NELSON A","1192940","2005-12-21","2005","12","21","","-9.1","","-16.6","","-12.9","","30.9","","0.0","","0.0","","0.0","","0.0","","2","","","","",""
"-122.60","58.84","FORT NELSON A","1192940","2005-12-22","2005","12","22","","-9.9","","-16.6","","-13.3","","31.3","","0.0","","0.0","","0.0","","0.0","","2","","","","",""
"-122.60","58.84","FORT NELSON A","1192940","2005-12-23","2005","12","23","","-8.5","","-16.7","","-12.6","","30.6","","0.0","","0.0","","0.0","","0.0","","2","","","","",""
"-122.60","58.84","FORT NELSON A","1192940","2005-12-24","2005","12","24","","-10.6","","-16.1","","-13.4","","31.4","","0.0","","0.0","","0.0","","0.0","","2","","","","",""
"-122.60","58.84","FORT NELSON A","1192940","2005-12-25","2005","12","25","","-8.1","","-13.1","","-10.6","","28.6","","0.0","","0.0","","0.2","","0.0","T","2","","","","",""
"-122.60","58.84","FORT NELSON A","1192940","2005-12-26","2005","12","26","","-10.0","","-15.7","","-12.9","","30.9","","0.0","","0.0","","0.0","","0.0","","2","","","","",""
"-122.60","58.84","FORT NELSON A","1192940","2005-12-27","2005","12","27","","-9.8","","-12.9","","-11.4","","29.4","","0.0","","0.0","","0.0","","0.0","","2","","","","",""
"-122.60","58.84","FORT NELSON A","1192940","2005-12-28","2005","12","28","","-9.7","","-18.9","","-14.3","","32.3","","0.0","","0.0","","0.0","T","0.0","T","2","","","","",""
"-122.60","58.84","FORT NELSON A","1192940","2005-12-29","2005","12","29","","-15.2","","-20.6","","-17.9","","35.9","","0.0","","0.0","","0.0","","0.0","","2","","","","",""
"-122.60","58.84","FORT NELSON A","1192940","2005-12-30","2005","12","30","","-16.6","","-22.9","","-19.8","","37.8","","0.0","","0.0","","0.0","","0.0","","2","","","","",""
"-122.60","58.84","FORT NELSON A","1192940","2005-12-31","2005","12","31","","-13.2","","-16.6","","-14.9","","32.9","","0.0","","0.0","","1.8","","1.4","","4","","","","",""
